{"stats":{"minecraft:picked_up":{"minecraft:wooden_axe":1,"minecraft:iron_chestplate":1,"minecraft:wheat":334,"minecraft:redstone_block":1,"minecraft:chainmail_boots":4,"minecraft:prismarine_shard":2,"minecraft:lead":5,"minecraft:oak_stairs":4,"alexscaves:trilocaris_tail":2,"minecraft:enchanted_book":2,"tombstone:grave_key":3,"alexscaves:smooth_limestone":2,"minecraft:string":6,"minecraft:raw_copper":134,"minecraft:armor_stand":2,"minecraft:experience_bottle":1,"minecraft:oak_sign":1,"minecraft:cobbled_deepslate":27,"minecraft:smooth_stone":17,"minecraft:comparator":2,"minecraft:rose_bush":7,"minecraft:iron_pickaxe":2,"alexsmobs:raccoon_tail":1,"alexscaves:flytrap":1,"minecraft:stick":12,"alexscaves:limestone_spear":12,"minecraft:oak_fence":16,"minecraft:torch":47,"minecraft:porkchop":12,"iceandfire:rotten_egg":1,"minecraft:pointed_dripstone":10,"tombstone:grave_dust":6,"minecraft:diorite":1,"tombstone:lollipop":4,"minecraft:stone_sword":1,"minecraft:rotten_flesh":46,"minecraft:iron_block":1,"supplementaries:ash":17,"minecraft:cobblestone":82,"minecraft:birch_log":6,"minecraft:cooked_beef":1,"minecraft:water_bucket":1,"minecraft:andesite":1,"minecraft:tuff":28,"minecraft:lapis_lazuli":108,"minecraft:dirt":72,"minecraft:lantern":6,"minecraft:purple_carpet":1,"minecraft:bone":10,"undead_revamp2:blacpetalblock":1,"minecraft:wheat_seeds":954,"minecraft:raw_gold":2,"tombstone:scroll_of_reach":1,"minecraft:moss_block":1,"minecraft:oak_planks":83,"iceandfire:podium_spruce":1,"minecraft:oak_pressure_plate":1,"alexsmobs:animal_dictionary":1,"minecraft:barrel":1,"minecraft:mossy_cobblestone":8,"minecraft:bundle":2,"minecraft:yellow_carpet":1,"minecraft:diamond":6,"luminousworld:yellowpetunias":1,"minecraft:granite":13,"minecraft:bone_meal":2,"minecraft:golden_apple":1,"minecraft:emerald":13,"minecraft:chainmail_helmet":2,"minecraft:bread":22,"minecraft:oak_sapling":1,"born_in_chaos_v1:rotten_fish":4,"iceandfire:raw_silver":1,"luminousworld:groundpebbles_1":9,"minecraft:charcoal":18,"minecraft:crafting_table":3,"born_in_chaos_v1:diamond_termite_shard":4,"minecraft:clay_ball":5,"minecraft:golden_pickaxe":1,"minecraft:redstone_lamp":1,"minecraft:wooden_pickaxe":2,"minecraft:stone_brick_wall":7,"minecraft:oak_trapdoor":2,"minecraft:iron_axe":1,"minecraft:item_frame":8,"minecraft:iron_shovel":2,"iceandfire:bestiary":1,"minecraft:oak_boat":1,"minecraft:poppy":8,"minecraft:raw_iron":134,"minecraft:copper_ingot":4,"minecraft:spruce_fence":2,"minecraft:stone_button":3,"minecraft:redstone":4,"minecraft:arrow":2,"minecraft:hay_block":16,"minecraft:pink_tulip":1,"sophisticatedbackpacks:copper_backpack":2,"minecraft:mutton":2,"minecraft:bone_block":22,"minecraft:rail":1,"minecraft:white_wool":3,"born_in_chaos_v1:corpse_maggot":7,"luminousworld:ishstone":11,"minecraft:jungle_fence":3,"minecraft:birch_planks":12,"minecraft:packed_mud":2,"minecraft:oak_log":174,"minecraft:chainmail_chestplate":5,"minecraft:gunpowder":2,"mowziesmobs:wrought_axe":2,"minecraft:white_banner":2,"naturalist:bass":1,"minecraft:apple":1,"minecraft:stone_bricks":16,"minecraft:iron_ingot":10,"minecraft:stone_pickaxe":1,"minecraft:cooked_chicken":1,"alexscaves:curly_fern":4,"minecraft:glass_bottle":1,"minecraft:iron_sword":2,"minecraft:acacia_sapling":2,"minecraft:soul_sand":16,"minecraft:book":3,"minecraft:oak_slab":5,"iceandfire:copper_nugget":30,"quark:white_shard":2,"born_in_chaos_v1:ethereal_spirit":2,"minecraft:quartz":1,"minecraft:dandelion":1,"minecraft:dripstone_block":18,"mowziesmobs:wrought_helmet":1,"minecraft:white_bed":10,"luminousworld:whiteoaklog":40,"alexsmobs:raw_catfish":2,"minecraft:slime_ball":5,"minecraft:stone_axe":1,"minecraft:chainmail_leggings":7,"minecraft:iron_helmet":1,"minecraft:oak_button":2,"minecraft:coal":48,"minecraft:sunflower":69},"minecraft:custom":{"minecraft:interact_with_crafting_table":32,"minecraft:open_barrel":10,"minecraft:bell_ring":2,"minecraft:leave_game":4,"minecraft:time_since_death":5485,"minecraft:sprint_one_cm":881221,"minecraft:damage_blocked_by_shield":2341,"minecraft:drop":215,"minecraft:talked_to_villager":34,"minecraft:play_time":288779,"minecraft:deaths":48,"tombstone:tomb_raiding":2,"minecraft:jump":4756,"minecraft:walk_on_water_one_cm":89651,"minecraft:interact_with_furnace":7,"minecraft:traded_with_villager":6,"minecraft:sleep_in_bed":9,"tombstone:sneak_grave":1,"minecraft:damage_dealt":22913,"minecraft:player_kills":10,"minecraft:crouch_one_cm":14022,"tombstone:undead_killed":23,"tombstone:villager_killed":3,"minecraft:interact_with_smoker":1,"minecraft:mob_kills":83,"minecraft:damage_dealt_resisted":107,"minecraft:climb_one_cm":5712,"minecraft:walk_one_cm":692594,"minecraft:sneak_time":9319,"minecraft:walk_under_water_one_cm":34499,"minecraft:total_world_time":288779,"tombstone:raider_killed":2,"minecraft:tune_noteblock":6,"minecraft:interact_with_grindstone":1,"minecraft:time_since_rest":5261,"minecraft:damage_taken":17354,"tombstone:cast_on_ally":0,"minecraft:swim_one_cm":102845,"minecraft:fly_one_cm":857641,"minecraft:open_chest":60,"minecraft:fall_one_cm":135468},"minecraft:broken":{"minecraft:iron_boots":1,"minecraft:iron_leggings":1,"minecraft:chainmail_helmet":1,"minecraft:shield":2,"minecraft:iron_helmet":1},"minecraft:used":{"minecraft:iron_shovel":22,"alexsmobs:small_catfish_bucket":3,"minecraft:oak_sign":1,"minecraft:shield":92,"minecraft:iron_sword":251,"minecraft:rotten_flesh":2,"minecraft:iron_chestplate":1,"minecraft:tuff":1,"minecraft:lantern":2,"minecraft:packed_mud":2,"minecraft:stone_bricks":4,"minecraft:item_frame":2,"supplementaries:ash":4,"minecraft:furnace":1,"alexsmobs:raw_catfish":2,"minecraft:stone_pickaxe":1,"minecraft:oak_planks":228,"minecraft:jungle_fence":1,"minecraft:wooden_pickaxe":42,"luminousworld:groundpebbles_1":1,"minecraft:dripstone_block":5,"minecraft:stone_brick_wall":3,"alexsmobs:terrapin_bucket":2,"minecraft:bread":89,"tombstone:grave_key":29,"born_in_chaos_v1:rotten_fish":4,"minecraft:andesite":1,"minecraft:experience_bottle":1,"minecraft:oak_fence":1,"minecraft:rose_bush":6,"minecraft:stone_sword":83,"born_in_chaos_v1:ethereal_spirit":1,"undead_revamp2:blacpetalblock":1,"minecraft:cooked_chicken":1,"minecraft:oak_door":3,"minecraft:stick":1,"minecraft:torch":55,"minecraft:dirt":32,"alexscaves:limestone_spear":6,"minecraft:wooden_axe":3,"minecraft:iron_axe":196,"minecraft:oak_stairs":1,"minecraft:iron_boots":1,"tombstone:gift":8,"minecraft:cooked_beef":1,"minecraft:iron_leggings":1,"naturalist:bass":1,"minecraft:water_bucket":20,"tombstone:scroll_of_reach":2,"minecraft:birch_planks":94,"luminousworld:ishstone":2,"minecraft:comparator":1,"minecraft:crafting_table":8,"alexscaves:curly_fern":4,"minecraft:white_bed":10,"minecraft:cod":4,"mowziesmobs:wrought_axe":597,"minecraft:oak_log":19,"minecraft:diamond_pickaxe":107,"minecraft:apple":14,"minecraft:oak_button":2,"minecraft:iron_pickaxe":252,"minecraft:stone_axe":83,"minecraft:cobblestone":21,"minecraft:bucket":28,"quark:oak_chest":2,"alexsmobs:animal_dictionary":2},"minecraft:dropped":{"minecraft:iron_sword":1,"minecraft:lapis_lazuli":1,"minecraft:oak_pressure_plate":1,"minecraft:oak_log":36,"minecraft:golden_pickaxe":1,"minecraft:glass_bottle":1,"minecraft:diamond":2,"minecraft:lantern":4,"minecraft:item_frame":4,"minecraft:emerald":10,"minecraft:dirt":12,"minecraft:stone_button":3,"minecraft:sunflower":2,"minecraft:iron_pickaxe":4,"alexsmobs:raccoon_tail":1,"minecraft:white_wool":1,"minecraft:armor_stand":2,"minecraft:stone_axe":1,"minecraft:cobbled_deepslate":15,"minecraft:wheat":64,"minecraft:rotten_flesh":5,"minecraft:oak_planks":64,"minecraft:carrot":64,"minecraft:chainmail_chestplate":5,"minecraft:poppy":9,"supplementaries:ash":13,"born_in_chaos_v1:corpse_maggot":1,"minecraft:stone_brick_wall":3,"minecraft:acacia_sapling":2,"born_in_chaos_v1:diamond_termite_shard":4,"minecraft:chainmail_boots":3,"luminousworld:whiteoaklog":40,"iceandfire:manuscript":12,"minecraft:purple_carpet":1,"minecraft:iron_ingot":1,"minecraft:enchanted_book":1,"minecraft:oak_slab":1,"minecraft:wheat_seeds":805,"minecraft:dripstone_block":5,"minecraft:oak_fence":2,"alexscaves:limestone_spear":8,"minecraft:book":3,"minecraft:chainmail_helmet":1,"minecraft:golden_apple":2,"mowziesmobs:wrought_axe":1,"minecraft:cobweb":15,"minecraft:torch":4,"tombstone:grave_key":3,"minecraft:wooden_axe":2,"tombstone:grave_dust":2,"minecraft:oak_stairs":3,"mowziesmobs:wrought_helmet":1,"minecraft:white_banner":2,"minecraft:chainmail_leggings":6,"minecraft:dandelion":1,"iceandfire:dragonbone":1,"minecraft:pink_tulip":1,"minecraft:stone_sword":2,"minecraft:tuff":19,"quark:white_shard":2,"minecraft:spruce_fence":1,"iceandfire:rotten_egg":1,"luminousworld:groundpebbles_1":5,"minecraft:oak_boat":1,"minecraft:stone_bricks":6,"minecraft:barrel":3,"minecraft:wooden_pickaxe":2,"minecraft:raw_gold":1},"minecraft:killed":{"luminousworld:miner_zombie":1,"minecraft:cave_spider":2,"born_in_chaos_v1:restless_spirit":1,"enemyexpansion:equestrian":1,"minecraft:spider":1,"undead_revamp2:axestrom":2,"minecraft:skeleton":3,"minecraft:bee":2,"undead_revamp2:therod":1,"undead_revamp2:thespitter":1,"minecraft:pig":4,"born_in_chaos_v1:diamond_termite":1,"minecraft:iron_golem":2,"minecraft:creeper":1,"minecraft:sheep":1,"minecraft:pillager":2,"minecraft:zombie":2,"born_in_chaos_v1:corpse_fly":5,"alexscaves:trilocaris":7,"enemyexpansion:botfly":1,"minecraft:cow":1,"alexsmobs:raccoon":1,"enemyexpansion:direwolf":2,"born_in_chaos_v1:maggot":7,"naturalist:bass":1,"undead_revamp2:thebidy":2,"minecraft:drowned":1,"born_in_chaos_v1:corpse_fish":2,"born_in_chaos_v1:barrel_zombie":1,"undead_revamp2:the_moonflower":8,"enemyexpansion:sprinter":1,"born_in_chaos_v1:decrepit_skeleton":1,"alexsmobs:catfish":1,"alexsmobs:crocodile":2,"alexscaves:subterranodon":1,"minecraft:villager":3},"minecraft:killed_by":{"minecraft:zombie_villager":1,"undead_revamp2:sucker":4,"undead_revamp2:the_moonflower":2,"minecraft:pillager":1,"born_in_chaos_v1:corpse_fly":1,"alexsmobs:crocodile":2,"undead_revamp2:thesmoker":2,"iceandfire:fire_dragon":8,"enemyexpansion:invisicreeper":1,"minecraft:player":12,"minecraft:spider":1,"alexscaves:vallumraptor":1,"minecraft:iron_golem":1,"enemyexpansion:equestrian":1,"minecraft:bee":1,"mowziesmobs:ferrous_wroughtnaut":1,"undead_revamp2:thehunter":1,"undead_revamp2:therod":1,"born_in_chaos_v1:maggot":1,"alexscaves:relicheirus":1},"minecraft:mined":{"minecraft:white_bed":10,"luminousworld:yellowpetunias":1,"luminousworld:autumnleaves":1,"iceandfire:copper_pile":1,"minecraft:granite":3,"minecraft:grass_block":15,"minecraft:stone_brick_wall":5,"minecraft:yellow_carpet":1,"minecraft:oak_pressure_plate":1,"minecraft:spawner":3,"minecraft:smooth_stone":17,"minecraft:tall_seagrass":20,"minecraft:dark_oak_trapdoor":2,"minecraft:iron_ore":16,"born_in_chaos_v1:black_argillite_brick_stairs":2,"minecraft:deepslate_lapis_ore":8,"minecraft:dirt_path":3,"minecraft:oak_stairs":4,"alexscaves:smooth_limestone":2,"minecraft:iron_block":1,"minecraft:poppy":1,"minecraft:cobblestone":3,"minecraft:oak_planks":41,"minecraft:seagrass":24,"minecraft:birch_log":6,"minecraft:wheat":324,"minecraft:grass":133,"minecraft:oak_log":163,"minecraft:sand":6,"minecraft:dirt":44,"luminousworld:grassvariant_3":13,"minecraft:netherrack":1,"minecraft:oak_leaves":20,"minecraft:deepslate":11,"minecraft:redstone_lamp":1,"minecraft:tuff":11,"iceandfire:silver_ore":1,"minecraft:mossy_cobblestone":8,"luminousworld:grassvariant_4":2,"minecraft:deepslate_diamond_ore":1,"born_in_chaos_v1:infected_diamond_ore":1,"minecraft:spruce_fence":5,"minecraft:redstone_wire":4,"luminousworld:grassvariant_2":13,"minecraft:moss_block":2,"luminousworld:groundpebbles_3":3,"minecraft:large_fern":3,"minecraft:hay_block":8,"minecraft:oak_trapdoor":3,"minecraft:packed_mud":2,"minecraft:dark_oak_fence_gate":1,"minecraft:andesite":1,"minecraft:bell":1,"minecraft:bookshelf":1,"minecraft:deepslate_iron_ore":58,"alexscaves:curly_fern":4,"luminousworld:groundpebbles_2":2,"minecraft:stone":71,"iceandfire:podium_spruce":1,"minecraft:bone_block":19,"minecraft:white_wool":1,"minecraft:oak_slab":2,"minecraft:redstone_block":1,"minecraft:glass_pane":1,"minecraft:comparator":1,"minecraft:soul_sand":8,"minecraft:dandelion":1,"minecraft:oak_fence":16,"minecraft:crafting_table":3,"alexscaves:flytrap":1,"minecraft:rose_bush":1,"minecraft:campfire":9,"luminousworld:grassflowers":1,"minecraft:tall_grass":12,"minecraft:copper_ore":19,"minecraft:deepslate_gold_ore":1,"minecraft:diorite":1,"supplementaries:urn":7,"luminousworld:whiteoaklog":42,"minecraft:spruce_stairs":1,"minecraft:birch_planks":15,"minecraft:jungle_fence":3,"minecraft:coal_ore":48,"luminousworld:ishstone":6,"minecraft:sunflower":72,"minecraft:gravel":1,"minecraft:dripstone_block":6,"minecraft:cobweb":1,"minecraft:oak_button":2,"minecraft:stone_bricks":15,"minecraft:fern":6},"minecraft:crafted":{"minecraft:oak_planks":444,"minecraft:iron_boots":1,"minecraft:oak_button":1,"minecraft:emerald":6,"minecraft:crafting_table":6,"minecraft:wooden_pickaxe":1,"minecraft:iron_helmet":1,"minecraft:birch_planks":24,"minecraft:iron_chestplate":2,"minecraft:diamond_pickaxe":1,"minecraft:shield":2,"quark:oak_chest":2,"minecraft:stick":60,"minecraft:iron_ingot":72,"minecraft:stone_sword":1,"minecraft:oak_door":3,"minecraft:furnace":1,"minecraft:iron_axe":1,"minecraft:stone_pickaxe":1,"minecraft:lead":2,"minecraft:iron_sword":1,"minecraft:bucket":3,"minecraft:stone_axe":1,"minecraft:bread":81,"minecraft:wooden_axe":1,"minecraft:iron_leggings":1,"minecraft:torch":84}},"DataVersion":3465}