{"stats":{"minecraft:crafted":{"minecraft:oak_planks":300,"quark:birch_chest":3,"minecraft:cobblestone_stairs":32,"minecraft:diamond_shovel":1,"minecraft:cooked_mutton":9,"minecraft:glass":64,"minecraft:diamond_leggings":1,"minecraft:iron_boots":1,"minecraft:stone_hoe":1,"minecraft:oak_fence":21,"minecraft:cauldron":2,"minecraft:diamond_axe":1,"minecraft:crafting_table":11,"minecraft:wooden_pickaxe":2,"minecraft:iron_helmet":1,"minecraft:birch_planks":104,"minecraft:iron_chestplate":2,"minecraft:diamond_pickaxe":1,"minecraft:shield":16,"minecraft:stick":120,"minecraft:iron_ingot":114,"minecraft:iron_pickaxe":4,"minecraft:stone_sword":1,"alexscaves:resistor_shield":1,"alexscaves:galena_gauntlet":1,"alexscaves:packed_galena":11,"minecraft:wooden_sword":1,"vanillaplustools:stone_hammer":3,"minecraft:iron_nugget":234,"minecraft:furnace":13,"minecraft:bone_meal":57,"minecraft:glass_pane":32,"minecraft:flint_and_steel":1,"alexscaves:azure_neodymium_ingot":6,"quark:dark_oak_chest":3,"minecraft:iron_axe":2,"minecraft:stone_pickaxe":32,"minecraft:diamond_boots":1,"alexscaves:scarlet_neodymium_ingot":7,"minecraft:dark_oak_planks":124,"sophisticatedbackpacks:iron_backpack":1,"minecraft:diamond_sword":1,"minecraft:iron_sword":3,"sophisticatedbackpacks:gold_backpack":1,"minecraft:bucket":1,"minecraft:stone_axe":1,"minecraft:air":0,"minecraft:wooden_axe":1,"minecraft:iron_leggings":1,"minecraft:torch":8,"minecraft:diamond_chestplate":1},"minecraft:dropped":{"minecraft:iron_sword":2,"iceandfire:raw_silver":1,"minecraft:birch_planks":1,"luminousworld:yellowpetunias":4,"minecraft:glass_bottle":1,"minecraft:diamond":3,"minecraft:red_mushroom":3,"minecraft:dirt":47,"minecraft:dark_oak_log":1,"alexscaves:heart_of_iron":1,"minecraft:bone_meal":344,"minecraft:bone_block":13,"minecraft:sunflower":14,"minecraft:iron_pickaxe":7,"minecraft:dark_oak_planks":14,"alexscaves:azure_neodymium_pillar":1,"minecraft:white_wool":1,"quark:ancient_tome":2,"minecraft:gravel":14,"minecraft:stone_axe":1,"minecraft:golden_chestplate":1,"minecraft:wheat":12,"minecraft:rotten_flesh":20,"minecraft:oak_planks":1,"minecraft:white_bed":2,"artifacts:chorus_totem":1,"minecraft:carrot":1,"minecraft:rabbit_hide":5,"supplementaries:flax_seeds":4,"supplementaries:ash":69,"minecraft:mangrove_log":2,"minecraft:gunpowder":11,"born_in_chaos_v1:corpse_maggot":1,"minecraft:stone_brick_stairs":1,"minecraft:enchanted_book":1,"minecraft:stone_hoe":1,"minecraft:bread":27,"minecraft:oak_slab":2,"born_in_chaos_v1:shattered_skull":1,"minecraft:wheat_seeds":5,"minecraft:golden_helmet":1,"minecraft:diamond_leggings":1,"minecraft:iron_helmet":2,"minecraft:cobblestone":5,"minecraft:book":7,"minecraft:granite":3,"minecraft:spruce_stairs":1,"mowziesmobs:wrought_axe":3,"minecraft:stick":1,"minecraft:lava_bucket":1,"alexscaves:scarlet_neodymium_pillar":1,"minecraft:torch":6,"tombstone:grave_key":1,"minecraft:potion":1,"minecraft:iron_leggings":2,"mowziesmobs:wrought_helmet":1,"minecraft:iron_axe":3,"minecraft:paper":13,"minecraft:string":1,"minecraft:bucket":3,"minecraft:redstone_block":1,"minecraft:dandelion":14,"minecraft:deepslate":1,"minecraft:white_carpet":9,"minecraft:iron_boots":2,"minecraft:totem_of_undying":1,"luminousworld:yellow_grassflowers":1,"minecraft:shield":9,"aether:iron_gloves":1,"minecraft:bundle":1,"alexscaves:resistor_shield":1,"minecraft:iron_chestplate":3,"luminousworld:groundpebbles_1":2,"minecraft:andesite":15,"minecraft:oak_sapling":2,"minecraft:stone_bricks":7,"minecraft:diamond_boots":2,"sophisticatedbackpacks:copper_backpack":1,"minecraft:stone_pickaxe":10,"minecraft:wooden_pickaxe":1,"minecraft:calcite":3},"minecraft:mined":{"luminousworld:white_petunias":2,"minecraft:dark_oak_planks":2,"minecraft:white_bed":5,"minecraft:cobblestone_stairs":5,"alexscaves:azure_neodymium_pillar":22,"minecraft:orange_wool":3,"minecraft:carved_pumpkin":3,"minecraft:spruce_trapdoor":4,"minecraft:cave_vines_plant":1,"minecraft:granite":285,"minecraft:stone_brick_wall":6,"minecraft:grass_block":160,"minecraft:yellow_carpet":4,"friendsandfoes:oxidized_lightning_rod":1,"minecraft:brown_wool":1,"minecraft:chiseled_stone_bricks":4,"minecraft:raw_iron_block":1,"minecraft:iron_ore":14,"minecraft:fire":13,"minecraft:cobbled_deepslate":1,"alexscaves:scarlet_neodymium_node":4,"minecraft:pointed_dripstone":17,"minecraft:dirt_path":10,"minecraft:iron_bars":2,"illagerinvasion:magic_fire":3,"minecraft:azalea":5,"luminousworld:decorative_brown_2":1,"minecraft:deepslate_redstone_ore":6,"minecraft:medium_amethyst_bud":1,"minecraft:amethyst_cluster":3,"minecraft:clay":1,"born_in_chaos_v1:infected_deepslate_diamond_ore":4,"minecraft:torch":12,"minecraft:polished_andesite_stairs":2,"minecraft:calcite":1,"minecraft:oxidized_copper":1,"alexscaves:energized_galena_scarlet":6,"minecraft:cobblestone":23,"minecraft:oak_planks":18,"minecraft:sugar_cane":4,"minecraft:wall_torch":8,"minecraft:amethyst_block":7,"minecraft:cauldron":2,"minecraft:pink_petals":3,"minecraft:yellow_wool":2,"minecraft:birch_log":18,"minecraft:wheat":7,"minecraft:tnt":5,"minecraft:stone_brick_stairs":4,"minecraft:grass":80,"minecraft:oak_log":114,"minecraft:dirt":76,"minecraft:sand":91,"luminousworld:grassvariant_3":4,"born_in_chaos_v1:infernal_evil_pumpkin_s":1,"minecraft:netherrack":1,"minecraft:oak_leaves":10,"minecraft:deepslate":40,"minecraft:tuff":39,"iceandfire:silver_ore":3,"luminousworld:grassvariant_4":8,"minecraft:deepslate_diamond_ore":43,"luminousworld:blue_petunias":1,"minecraft:dark_oak_log":25,"born_in_chaos_v1:infected_diamond_ore":1,"luminousworld:grassvariant_2":17,"alexscaves:galena_spire":1,"minecraft:potted_bamboo":1,"alexscaves:galena":199,"minecraft:hay_block":3,"luminousworld:yellow_grassflowers":4,"minecraft:furnace":17,"minecraft:carrots":1,"alexscaves:energized_galena_azure":2,"minecraft:andesite":15,"alexscaves:heart_of_iron":1,"minecraft:bookshelf":12,"minecraft:deepslate_iron_ore":33,"minecraft:lantern":2,"minecraft:bamboo":2,"luminousworld:clovers_3":1,"luminousworld:groundpebbles_2":1,"minecraft:stone":1657,"minecraft:bone_block":71,"minecraft:white_wool":2,"luminousworld:soft_birch_log":8,"alexscaves:tesla_bulb":1,"minecraft:birch_stairs":1,"minecraft:oak_slab":3,"minecraft:scaffolding":10,"minecraft:flowering_azalea":3,"minecraft:redstone_block":2,"minecraft:glass_pane":6,"born_in_chaos_v1:marigolds":3,"quark:oak_chest":1,"quark:dark_oak_chest":6,"alexscaves:azure_neodymium_node":3,"minecraft:dandelion":1,"minecraft:oak_fence":2,"minecraft:crafting_table":13,"minecraft:rose_bush":3,"minecraft:campfire":1,"luminousworld:grassflowers":2,"alexscaves:metal_swarf":9,"minecraft:potted_oxeye_daisy":1,"minecraft:copper_ore":9,"minecraft:tall_grass":35,"minecraft:lapis_ore":6,"minecraft:deepslate_gold_ore":4,"minecraft:diorite":5,"minecraft:spruce_stairs":6,"supplementaries:urn":1,"minecraft:purple_wool":8,"minecraft:birch_planks":1,"minecraft:lime_bed":6,"alexscaves:galena_iron_ore":84,"minecraft:white_carpet":15,"minecraft:birch_leaves":4,"minecraft:yellow_bed":12,"minecraft:coal_ore":9,"luminousworld:clovers_5":1,"luminousworld:ishstone":12,"minecraft:flower_pot":1,"minecraft:zombie_head":1,"minecraft:gravel":114,"minecraft:sunflower":10,"minecraft:dripstone_block":8,"minecraft:cobweb":3,"minecraft:cracked_stone_bricks":1,"minecraft:stone_bricks":61,"minecraft:mossy_stone_bricks":1,"alexscaves:scarlet_neodymium_pillar":39},"minecraft:used":{"minecraft:writable_book":1,"minecraft:iron_shovel":265,"minecraft:bone_block":2,"minecraft:shield":324,"minecraft:iron_sword":685,"tombstone:lollipop":4,"alexscaves:galena":77,"minecraft:rotten_flesh":7,"minecraft:iron_chestplate":3,"minecraft:carrot":160,"minecraft:milk_bucket":2,"born_in_chaos_v1:corpse_maggot":17,"minecraft:lava_bucket":38,"minecraft:lantern":2,"minecraft:iron_helmet":1,"minecraft:stone_bricks":11,"minecraft:bow":3,"supplementaries:ash":1,"minecraft:furnace":21,"luminousworld:clovers_1":1,"minecraft:mossy_stone_bricks":2,"minecraft:stone_pickaxe":65,"alexscaves:scarlet_neodymium_pillar":15,"minecraft:oak_planks":139,"minecraft:ender_pearl":1,"minecraft:wooden_pickaxe":23,"minecraft:diamond_axe":69,"minecraft:cookie":10,"minecraft:golden_apple":3,"naturalist:duck_egg":1,"minecraft:white_wool":2,"minecraft:glow_berries":1,"minecraft:dripstone_block":5,"minecraft:bread":79,"minecraft:brown_wool":1,"tombstone:grave_key":27,"minecraft:deepslate":1,"minecraft:wooden_sword":44,"minecraft:diamond_sword":123,"minecraft:oak_fence":10,"minecraft:bone_meal":71,"minecraft:cobweb":7,"quark:birch_chest":3,"minecraft:stone_sword":133,"minecraft:flint_and_steel":1,"minecraft:carved_pumpkin":2,"vanillaplustools:stone_hammer":198,"minecraft:stone_hoe":89,"minecraft:torch":44,"minecraft:dirt":201,"minecraft:white_carpet":1,"iceandfire:pixie_dust":1,"alexscaves:metal_swarf":4,"mowziesmobs:wrought_helmet":2,"minecraft:granite":35,"alexscaves:resistor_shield":77,"minecraft:dark_oak_planks":7,"minecraft:wooden_axe":40,"minecraft:iron_axe":222,"minecraft:iron_boots":3,"minecraft:totem_of_undying":2,"minecraft:smooth_basalt":2,"minecraft:diamond_chestplate":1,"tombstone:gift":7,"minecraft:cooked_beef":3,"minecraft:pointed_dripstone":4,"minecraft:cobbled_deepslate":41,"minecraft:iron_leggings":3,"minecraft:cooked_mutton":9,"minecraft:water_bucket":71,"minecraft:cobblestone_stairs":33,"minecraft:birch_planks":3,"minecraft:cauldron":4,"luminousworld:yellow_grassflowers":3,"minecraft:oak_slab":3,"minecraft:lime_bed":5,"luminousworld:white_petunias":1,"minecraft:crafting_table":20,"minecraft:white_bed":3,"minecraft:flower_pot":1,"mowziesmobs:wrought_axe":1,"tombstone:bag_of_seeds":3,"minecraft:diamond_pickaxe":16,"minecraft:diamond_shovel":94,"minecraft:iron_pickaxe":1131,"minecraft:stone_axe":138,"minecraft:pink_petals":9,"minecraft:chiseled_stone_bricks":2,"minecraft:potion":1,"quark:dark_oak_chest":9,"minecraft:cobblestone":369,"minecraft:bucket":108,"minecraft:glass_pane":27,"quark:oak_chest":1,"alexsmobs:animal_dictionary":1,"minecraft:yellow_bed":1},"minecraft:broken":{"minecraft:iron_shovel":1,"minecraft:iron_boots":2,"minecraft:iron_chestplate":3,"minecraft:iron_leggings":2,"minecraft:stone_axe":1,"minecraft:iron_sword":2,"minecraft:wooden_axe":1,"alexscaves:resistor_shield":1,"minecraft:stone_sword":1,"aether:iron_gloves":1,"minecraft:shield":13,"vanillaplustools:stone_hammer":1,"minecraft:iron_axe":2,"minecraft:iron_pickaxe":3,"minecraft:iron_helmet":2},"minecraft:custom":{"minecraft:interact_with_crafting_table":107,"minecraft:eat_cake_slice":5,"minecraft:leave_game":15,"minecraft:time_since_death":32598,"minecraft:sprint_one_cm":923082,"minecraft:damage_blocked_by_shield":14116,"minecraft:drop":153,"tombstone:eaten_lollipop":4,"minecraft:talked_to_villager":4,"minecraft:play_time":453540,"minecraft:deaths":121,"tombstone:tomb_raiding":1,"minecraft:jump":9375,"minecraft:interact_with_brewingstand":1,"minecraft:walk_on_water_one_cm":111560,"minecraft:interact_with_furnace":85,"minecraft:sleep_in_bed":10,"tombstone:sneak_grave":1,"minecraft:damage_dealt":58493,"minecraft:player_kills":41,"minecraft:crouch_one_cm":71935,"tombstone:undead_killed":92,"minecraft:use_cauldron":3,"minecraft:mob_kills":273,"minecraft:inspect_hopper":2,"tombstone:use_vanishing":1,"minecraft:fill_cauldron":1,"minecraft:damage_dealt_resisted":1122,"minecraft:climb_one_cm":8674,"minecraft:walk_one_cm":1227911,"minecraft:damage_dealt_absorbed":293,"minecraft:sneak_time":23153,"minecraft:walk_under_water_one_cm":52454,"minecraft:total_world_time":453540,"tombstone:raider_killed":64,"minecraft:time_since_rest":32385,"minecraft:damage_taken":43367,"minecraft:damage_absorbed":161,"tombstone:cast_on_ally":1,"minecraft:swim_one_cm":147992,"minecraft:fly_one_cm":2050611,"minecraft:open_chest":218,"minecraft:fall_one_cm":213693},"minecraft:killed_by":{"minecraft:evoker":4,"undead_revamp2:sucker":1,"endermanoverhaul:cave_enderman":1,"illagerinvasion:basher":8,"minecraft:creeper":1,"illagerinvasion:surrendered":1,"mutantmonsters:mutant_creeper":3,"minecraft:vindicator":6,"enemyexpansion:sprinter":1,"creeperoverhaul:cave_creeper":1,"minecraft:cave_spider":2,"alexscaves:teletor":6,"born_in_chaos_v1:firelight_not_despawn":1,"enemyexpansion:invisicreeper":1,"minecraft:vex":2,"alexscaves:ferrouslime":6,"minecraft:player":21,"enemyexpansion:trollenraged":1,"minecraft:spider":1,"illagerinvasion:invoker":5,"undead_revamp2:thehunter":1,"mowziesmobs:ferrous_wroughtnaut":22,"alexscaves:magnetron":5,"born_in_chaos_v1:sir_pumpkinhead":1,"minecraft:skeleton":1,"illagerinvasion:marauder":1,"illagerinvasion:provoker":9},"minecraft:killed":{"illagerinvasion:archivist":10,"luminousworld:miner_zombie":3,"minecraft:cave_spider":1,"alexscaves:boundroid":1,"minecraft:witch":1,"born_in_chaos_v1:restless_spirit":1,"born_in_chaos_v1:zombie_lumberjack":3,"enemyexpansion:equestrian":2,"minecraft:spider":3,"undead_revamp2:theswarmer":1,"illagerinvasion:basher":13,"naturalist:snail":1,"minecraft:skeleton":11,"luminousworld:dark_oak_skeleton":2,"illagerinvasion:provoker":13,"born_in_chaos_v1:firelight_not_despawn":3,"alexscaves:teletor":4,"illagerinvasion:necromancer":1,"born_in_chaos_v1:diamond_termite":9,"earthmobsmod:lobber_zombie":1,"illagerinvasion:alchemist":1,"minecraft:sheep":6,"illagerinvasion:invoker":1,"born_in_chaos_v1:zombie_fisherman":1,"enemyexpansion:meature":2,"minecraft:zombie":35,"enemyexpansion:vampire":1,"alexsmobs:terrapin":2,"born_in_chaos_v1:corpse_fly":19,"enemyexpansion:botfly":1,"iceandfire:pixie":1,"mutantmonsters:mutant_creeper":1,"luminousworld:dark_oak_zombie":6,"enemyexpansion:wasp":3,"minecraft:cow":2,"minecraft:evoker":2,"minecraft:vex":13,"undead_revamp2:thehunter":1,"minecraft:vindicator":17,"illagerinvasion:marauder":6,"alexscaves:ferrouslime":6,"undead_revamp2:bomber":1,"enemyexpansion:direwolf":5,"born_in_chaos_v1:maggot":9,"alexsmobs:soul_vulture":1,"minecraft:drowned":1,"born_in_chaos_v1:corpse_fish":2,"undead_revamp2:sucker":1,"enemyexpansion:goblin":1,"friendsandfoes:copper_golem":2,"born_in_chaos_v1:swarmer":1,"undead_revamp2:the_moonflower":5,"enemyexpansion:sprinter":3,"earthmobsmod:cream_cow":1,"alexscaves:magnetron":3,"born_in_chaos_v1:decrepit_skeleton":3,"enemyexpansion:crawler":1,"born_in_chaos_v1:bloody_gadfly":2,"mutantmonsters:creeper_minion":4,"endermanoverhaul:cave_enderman":2,"enemyexpansion:huntsman":2,"minecraft:enderman":1,"illagerinvasion:surrendered":5},"minecraft:picked_up":{"minecraft:iron_chestplate":5,"minecraft:redstone_block":2,"minecraft:flower_pot":4,"minecraft:yellow_wool":2,"aether:iron_gloves":2,"enemyexpansion:wasp_thorax":1,"minecraft:enchanted_book":5,"minecraft:potion":3,"minecraft:stone_brick_stairs":5,"minecraft:amethyst_block":8,"iceandfire:manuscript":8,"minecraft:string":15,"minecraft:raw_copper":50,"minecraft:iron_leggings":3,"minecraft:experience_bottle":1,"minecraft:zombie_head":2,"minecraft:diamond_leggings":1,"minecraft:cobbled_deepslate":51,"minecraft:bucket":4,"minecraft:rose_bush":3,"minecraft:calcite":3,"minecraft:azalea":5,"minecraft:iron_pickaxe":11,"minecraft:deepslate_iron_ore":1,"minecraft:mangrove_log":2,"minecraft:iron_boots":3,"minecraft:furnace":18,"minecraft:golden_helmet":1,"iceandfire:pixie_dust":1,"minecraft:stick":2,"born_in_chaos_v1:shattered_skull":1,"alexscaves:tesla_bulb":1,"minecraft:oak_fence":11,"minecraft:torch":141,"alexscaves:raw_azure_neodymium":38,"minecraft:spruce_stairs":7,"alexscaves:resistor_shield":1,"tombstone:grave_dust":9,"minecraft:pointed_dripstone":24,"minecraft:diorite":3,"minecraft:golden_chestplate":1,"minecraft:cauldron":2,"tombstone:lollipop":4,"minecraft:brown_carpet":9,"luminousworld:grassflowers":15,"minecraft:stone_sword":2,"minecraft:rotten_flesh":76,"luminousworld:yellow_grassflowers":8,"luminousworld:soft_birch_log":8,"minecraft:carved_pumpkin":3,"supplementaries:ash":193,"minecraft:iron_bars":2,"minecraft:cobblestone":1871,"minecraft:birch_log":18,"minecraft:pink_petals":9,"minecraft:oxidized_copper":1,"minecraft:cooked_beef":3,"minecraft:water_bucket":4,"minecraft:andesite":15,"minecraft:brown_wool":2,"minecraft:potato":13,"minecraft:flint":11,"minecraft:tuff":33,"luminousworld:purple_petunias":2,"supplementaries:flax_seeds":4,"minecraft:lapis_lazuli":95,"minecraft:dirt":412,"minecraft:lantern":6,"alexscaves:galena":213,"minecraft:name_tag":2,"born_in_chaos_v1:marigolds":4,"minecraft:bone":26,"minecraft:bow":11,"minecraft:wheat_seeds":36,"minecraft:raw_gold":14,"minecraft:mossy_stone_bricks":2,"minecraft:bamboo":69,"minecraft:oak_planks":60,"minecraft:stone_hoe":2,"minecraft:music_disc_13":1,"minecraft:sand":94,"minecraft:dark_oak_log":35,"naturalist:duck_egg":1,"minecraft:orange_wool":3,"minecraft:bundle":4,"minecraft:yellow_carpet":4,"born_in_chaos_v1:fire_dust":5,"minecraft:deepslate":2,"minecraft:diamond":49,"luminousworld:yellowpetunias":4,"minecraft:writable_book":1,"minecraft:granite":320,"minecraft:bone_meal":14,"minecraft:golden_apple":8,"minecraft:spruce_sign":12,"alexscaves:heart_of_iron":2,"minecraft:emerald":59,"minecraft:bread":114,"iceandfire:raw_silver":4,"minecraft:charcoal":3,"alexscaves:raw_scarlet_neodymium":50,"minecraft:crafting_table":13,"sophisticatedbackpacks:gold_backpack":1,"endrem:magical_eye":1,"luminousworld:groundpebbles_1":15,"born_in_chaos_v1:diamond_termite_shard":5,"minecraft:purple_wool":8,"luminousworld:decorative_brown_2":1,"minecraft:clay_ball":4,"minecraft:brown_mushroom":6,"minecraft:stone_brick_wall":7,"alexscaves:galena_gauntlet":2,"minecraft:chain":3,"quark:dark_oak_chest":6,"minecraft:shield":8,"alexscaves:metal_swarf":56,"minecraft:iron_axe":5,"minecraft:item_frame":1,"minecraft:white_carpet":26,"minecraft:iron_shovel":1,"minecraft:beef":4,"minecraft:iron_nugget":141,"minecraft:sugar_cane":9,"minecraft:birch_sapling":4,"minecraft:spruce_trapdoor":6,"minecraft:diamond_hoe":3,"minecraft:raw_iron":143,"luminousworld:blue_petunias":3,"minecraft:copper_ingot":39,"sophisticatedbackpacks:backpack":3,"minecraft:cookie":20,"minecraft:carrot":203,"minecraft:redstone":30,"illagerinvasion:primal_essence":1,"minecraft:dark_oak_planks":21,"minecraft:tnt":5,"minecraft:arrow":25,"minecraft:diamond_boots":2,"minecraft:hay_block":6,"minecraft:gold_ingot":18,"sophisticatedbackpacks:copper_backpack":1,"minecraft:totem_of_undying":3,"minecraft:glow_berries":1,"minecraft:mutton":9,"minecraft:white_wool":5,"minecraft:bone_block":94,"minecraft:rail":1,"minecraft:oxeye_daisy":4,"born_in_chaos_v1:corpse_maggot":28,"minecraft:lime_bed":6,"luminousworld:ishstone":23,"minecraft:leather":4,"minecraft:red_mushroom":3,"minecraft:birch_planks":2,"minecraft:oak_log":115,"minecraft:yellow_bed":18,"minecraft:gunpowder":11,"minecraft:cobblestone_stairs":5,"alexscaves:ferrouslime_ball":2,"mowziesmobs:wrought_axe":2,"minecraft:paper":31,"tombstone:gift":2,"minecraft:red_carpet":30,"minecraft:stone_bricks":79,"minecraft:rabbit_hide":5,"minecraft:iron_ingot":55,"minecraft:stone_pickaxe":11,"minecraft:cobweb":14,"tombstone:bag_of_seeds":1,"minecraft:tall_grass":1,"luminousworld:white_petunias":1,"minecraft:iron_sword":5,"minecraft:flowering_azalea":3,"minecraft:acacia_sapling":1,"minecraft:book":69,"minecraft:scaffolding":10,"minecraft:oak_slab":3,"minecraft:polished_andesite_stairs":2,"minecraft:smooth_basalt":2,"friendsandfoes:oxidized_lightning_rod":1,"luminousworld:clovers_1":3,"minecraft:chiseled_stone_bricks":4,"minecraft:dandelion":28,"born_in_chaos_v1:ethereal_spirit":1,"minecraft:dripstone_block":6,"luminousworld:sunset_petunias":8,"minecraft:gravel":104,"minecraft:lava_bucket":4,"minecraft:birch_stairs":1,"minecraft:amethyst_shard":12,"mowziesmobs:wrought_helmet":3,"minecraft:white_bed":6,"quark:oak_chest":1,"minecraft:spider_eye":4,"alexscaves:telecore":2,"minecraft:slime_ball":2,"minecraft:stone_axe":1,"minecraft:iron_helmet":3,"alexscaves:scarlet_neodymium_pillar":39,"alexscaves:azure_neodymium_pillar":22,"tombstone:magic_scroll":2,"minecraft:black_wool":1,"minecraft:coal":53,"minecraft:sunflower":10,"minecraft:ender_pearl":1}},"DataVersion":3465}