{"stats":{"minecraft:crafted":{"minecraft:oak_planks":148,"quark:birch_chest":2,"minecraft:birch_slab":6,"quark:birch_ladder":4,"minecraft:crafting_table":3,"minecraft:wooden_pickaxe":1,"minecraft:birch_planks":108,"quark:oak_chest":8,"minecraft:stick":36,"minecraft:iron_pickaxe":1,"minecraft:gold_ingot":111,"minecraft:bone_meal":57,"minecraft:iron_axe":2,"luminousworld:white_oak_plank":16,"minecraft:stone_pickaxe":1,"minecraft:dark_oak_planks":16,"minecraft:wheat":1213,"sophisticatedbackpacks:gold_backpack":1,"minecraft:mangrove_planks":4,"minecraft:bucket":1,"minecraft:stone_axe":1,"minecraft:bread":391,"minecraft:jungle_planks":32,"minecraft:oak_stairs":4},"minecraft:dropped":{"minecraft:moss_block":1,"minecraft:dark_oak_stairs":1,"minecraft:stripped_mangrove_wood":2,"minecraft:oak_log":2,"minecraft:glass_bottle":3,"minecraft:crafting_table":1,"minecraft:dark_oak_slab":2,"minecraft:glow_berries":1,"minecraft:leather":18,"minecraft:iron_horse_armor":3,"minecraft:saddle":9,"minecraft:leather_helmet":1,"minecraft:emerald":7,"minecraft:item_frame":12,"minecraft:music_disc_13":1,"minecraft:dirt":19,"minecraft:dark_oak_log":4,"minecraft:stone_button":2,"minecraft:dispenser":1,"born_in_chaos_v1:monster_skin":1,"alexsmobs:flying_fish":1,"minecraft:jungle_sapling":2,"minecraft:gold_nugget":12,"minecraft:pumpkin_pie":32,"minecraft:bone_meal":2,"minecraft:sunflower":8,"luminousworld:decorative_red_2":1,"minecraft:iron_pickaxe":1,"minecraft:dark_oak_planks":6,"minecraft:mangrove_slab":1,"minecraft:white_wool":3,"luminousworld:decorative_brown_2":1,"luminousworld:clovers_1":9,"minecraft:armor_stand":4,"minecraft:gold_ingot":11,"quark:ancient_tome":1,"minecraft:bone":10,"minecraft:stone_axe":1,"mutantmonsters:hulk_hammer":2,"minecraft:golden_chestplate":1,"minecraft:birch_sapling":12,"minecraft:wheat":34,"minecraft:stripped_dark_oak_log":1,"minecraft:soul_lantern":3,"minecraft:pointed_dripstone":6,"tombstone:gift":1,"minecraft:beetroot":1,"minecraft:rotten_flesh":35,"minecraft:oak_planks":4,"aether:leather_gloves":2,"minecraft:azure_bluet":1,"minecraft:white_bed":2,"minecraft:carrot":12,"minecraft:poppy":2,"supplementaries:ash":82,"minecraft:gunpowder":15,"minecraft:brick_stairs":1,"minecraft:melon_seeds":2,"born_in_chaos_v1:corpse_maggot":1,"minecraft:stone_brick_wall":1,"minecraft:chest":2,"minecraft:azalea":2,"minecraft:red_nether_bricks":4,"minecraft:arrow":2,"iceandfire:manuscript":20,"minecraft:purple_carpet":1,"minecraft:iron_ingot":19,"minecraft:bread":15,"minecraft:wheat_seeds":14,"minecraft:lilac":1,"minecraft:smooth_quartz_stairs":2,"minecraft:golden_horse_armor":3,"minecraft:iron_helmet":4,"minecraft:cobblestone":7,"minecraft:apple":1,"luminousworld:decorative_brown_mushroom_1":3,"minecraft:tropical_fish":15,"minecraft:yellow_carpet":1,"minecraft:coal":4,"minecraft:stick":21,"minecraft:diamond_horse_armor":1,"born_in_chaos_v1:gnawed_bones":1,"illagerinvasion:platinum_chunk":2,"minecraft:torch":2,"tombstone:grave_key":4,"iceandfire:silver_sword":1,"born_in_chaos_v1:fused_bone":2,"minecraft:lime_carpet":1,"tombstone:grave_dust":5,"minecraft:iron_leggings":4,"minecraft:oak_stairs":1,"minecraft:pumpkin":42,"minecraft:white_banner":5,"minecraft:iron_axe":4,"minecraft:iron_shovel":1,"minecraft:smooth_stone":1,"minecraft:string":19,"minecraft:pink_petals":3,"minecraft:bucket":3,"minecraft:music_disc_cat":1,"minecraft:dandelion":8,"minecraft:redstone":2,"minecraft:furnace":7,"minecraft:moss_carpet":1,"minecraft:player_head":1,"minecraft:stone_sword":1,"born_in_chaos_v1:rotten_fish":1,"born_in_chaos_v1:black_argillite_button":1,"minecraft:white_carpet":1,"minecraft:iron_boots":3,"enemyexpansion:phantom_eye":2,"minecraft:spruce_fence":1,"minecraft:flint_and_steel":6,"luminousworld:yellow_grassflowers":1,"minecraft:flower_pot":1,"aether:iron_gloves":3,"minecraft:iron_chestplate":3,"luminousworld:groundpebbles_1":2,"born_in_chaos_v1:spiny_shell":4,"minecraft:oak_sapling":1,"minecraft:stone_pressure_plate":2,"minecraft:spider_eye":1,"minecraft:barrel":5,"minecraft:bamboo":378,"iceandfire:fire_dragon_heart":1,"minecraft:bow":1,"minecraft:stone_pickaxe":1,"minecraft:wooden_pickaxe":1,"minecraft:red_tulip":1,"minecraft:calcite":1,"minecraft:brick_slab":2},"minecraft:mined":{"minecraft:dark_oak_planks":21,"minecraft:white_bed":23,"minecraft:cherry_log":11,"minecraft:jungle_leaves":71,"minecraft:red_nether_bricks":32,"minecraft:stone_brick_wall":12,"minecraft:grass_block":184,"minecraft:jungle_log":8,"minecraft:composter":1,"minecraft:oxeye_daisy":1,"minecraft:spawner":6,"minecraft:smooth_stone":1,"minecraft:tall_seagrass":1,"minecraft:barrel":5,"minecraft:fire":27,"born_in_chaos_v1:black_argillite_brick_stairs":1,"minecraft:anvil":1,"minecraft:azure_bluet":1,"minecraft:dark_oak_stairs":3,"minecraft:red_tulip":1,"iceandfire:gold_pile":85,"minecraft:oak_stairs":4,"minecraft:azalea":2,"minecraft:stripped_mangrove_wood":4,"minecraft:player_head":2,"minecraft:spruce_slab":1,"luminousworld:creepbush":1,"minecraft:powder_snow":3,"minecraft:torch":2,"minecraft:poppy":1,"minecraft:blast_furnace":7,"minecraft:calcite":3,"minecraft:chest":2,"minecraft:smooth_quartz_slab":2,"minecraft:cobblestone":28,"minecraft:oak_planks":76,"minecraft:sugar_cane":8,"minecraft:wall_torch":1,"minecraft:pink_petals":1,"minecraft:repeater":1,"minecraft:dark_oak_slab":2,"minecraft:jungle_wood":3,"minecraft:birch_log":28,"minecraft:black_bed":3,"minecraft:wither_rose":1,"minecraft:grass":28,"minecraft:oak_log":21,"minecraft:dirt":35,"luminousworld:grassvariant_3":6,"minecraft:dispenser":1,"minecraft:daylight_detector":1,"minecraft:oak_leaves":19,"minecraft:redstone_lamp":64,"luminousworld:groundpebbles_1":1,"minecraft:yellow_wall_banner":1,"iceandfire:silver_ore":1,"minecraft:mossy_cobblestone":1,"minecraft:dark_oak_leaves":4,"minecraft:oak_door":3,"minecraft:dark_oak_log":1,"minecraft:lever":3,"minecraft:ladder":2,"minecraft:stone_button":3,"minecraft:spruce_fence":1,"luminousworld:grassvariant_2":6,"alexsmobs:leafcutter_ant_chamber":1,"minecraft:birch_slab":6,"minecraft:potted_bamboo":1,"minecraft:moss_block":3,"minecraft:rooted_dirt":1,"luminousworld:groundpebbles_3":1,"minecraft:large_fern":4,"minecraft:hay_block":149,"alexscaves:subterranodon_egg":2,"minecraft:light_blue_wall_banner":2,"minecraft:oak_trapdoor":14,"minecraft:packed_mud":2,"minecraft:furnace":7,"minecraft:carrots":38,"placeablesmod:water_bucket_block":1,"minecraft:dark_oak_fence_gate":1,"minecraft:polished_deepslate":1,"minecraft:mossy_stone_brick_stairs":4,"minecraft:bookshelf":37,"minecraft:potatoes":1,"minecraft:vine":1,"minecraft:lantern":3,"alexscaves:curly_fern":2,"minecraft:bamboo_sapling":1,"minecraft:bamboo":59,"minecraft:smooth_quartz_stairs":14,"luminousworld:clovers_3":1,"minecraft:stone":27,"minecraft:bone_block":26,"minecraft:white_wool":2,"minecraft:podzol":3,"minecraft:acacia_leaves":4,"minecraft:glass_pane":7,"quark:oak_chest":2,"minecraft:stripped_dark_oak_log":4,"minecraft:oak_fence":6,"minecraft:crafting_table":3,"minecraft:rose_bush":2,"minecraft:tall_grass":13,"supplementaries:urn":1,"minecraft:spruce_stairs":4,"minecraft:birch_planks":19,"minecraft:lime_bed":1,"minecraft:black_wall_banner":1,"minecraft:gray_bed":9,"minecraft:birch_leaves":11,"iceandfire:silver_pile":3,"minecraft:potted_azure_bluet":1,"minecraft:mangrove_slab":1,"minecraft:coal_ore":1,"minecraft:cherry_leaves":33,"minecraft:sunflower":7,"minecraft:cobweb":8,"ecologics:walnut_planks":1,"minecraft:stone_bricks":7,"minecraft:small_dripleaf":1,"minecraft:fern":5},"minecraft:used":{"minecraft:light_blue_banner":2,"minecraft:cherry_sapling":6,"minecraft:iron_shovel":147,"minecraft:dispenser":1,"minecraft:ladder":1,"minecraft:iron_sword":53,"minecraft:player_head":1,"minecraft:jungle_planks":32,"minecraft:carrot":148,"quark:birch_ladder":4,"minecraft:dark_oak_slab":1,"minecraft:redstone_lamp":37,"ecologics:walnut_planks":2,"minecraft:bow":11,"mutantmonsters:hulk_hammer":3,"minecraft:gray_bed":9,"minecraft:potato":5,"minecraft:dark_oak_stairs":2,"minecraft:stone_pickaxe":79,"minecraft:mangrove_planks":4,"minecraft:oak_planks":96,"minecraft:wooden_pickaxe":3,"minecraft:mossy_stone_brick_stairs":4,"minecraft:cookie":1,"minecraft:golden_apple":2,"minecraft:black_banner":1,"minecraft:black_bed":3,"luminousworld:creepberries":1,"minecraft:lever":3,"minecraft:birch_slab":6,"born_in_chaos_v1:monster_flesh":1,"minecraft:bread":187,"minecraft:stone_button":1,"tombstone:grave_key":3,"ecologics:coconut_slice":2,"minecraft:birch_log":1,"minecraft:bone_meal":45,"minecraft:experience_bottle":4,"minecraft:oak_trapdoor":4,"quark:birch_chest":2,"iceandfire:silver_sword":258,"minecraft:torch":3,"minecraft:dirt":188,"minecraft:anvil":1,"minecraft:spruce_stairs":4,"alexscaves:limestone_spear":1,"minecraft:dark_oak_planks":15,"minecraft:flowering_azalea":1,"minecraft:oak_stairs":6,"minecraft:iron_axe":371,"minecraft:bamboo":136,"minecraft:beef":10,"tombstone:gift":3,"minecraft:cooked_beef":5,"alexsmobs:banana":1,"minecraft:calcite":3,"minecraft:yellow_banner":1,"minecraft:water_bucket":89,"iceandfire:fire_dragon_flesh":2,"minecraft:iron_ore":9,"minecraft:birch_planks":38,"minecraft:red_nether_bricks":12,"minecraft:salmon":1,"minecraft:mossy_cobblestone":1,"minecraft:lime_bed":1,"minecraft:crafting_table":6,"supplementaries:bomb":1,"minecraft:white_bed":23,"minecraft:oak_log":4,"minecraft:iron_pickaxe":250,"tombstone:magic_scroll":1,"minecraft:stone_axe":92,"minecraft:potion":1,"minecraft:cobblestone":29,"minecraft:bucket":88,"minecraft:pumpkin_pie":6,"quark:oak_chest":10,"alexsmobs:animal_dictionary":1,"minecraft:splash_potion":1},"minecraft:broken":{"minecraft:iron_boots":1,"minecraft:iron_chestplate":1,"aether:iron_gloves":1,"minecraft:iron_helmet":1},"minecraft:custom":{"minecraft:interact_with_crafting_table":49,"minecraft:open_barrel":74,"minecraft:eat_cake_slice":2,"minecraft:leave_game":12,"minecraft:time_since_death":38716,"minecraft:sprint_one_cm":1778508,"minecraft:drop":335,"minecraft:talked_to_villager":3,"minecraft:play_time":494919,"minecraft:deaths":48,"minecraft:jump":9711,"minecraft:walk_on_water_one_cm":126477,"minecraft:interact_with_furnace":7,"minecraft:sleep_in_bed":31,"minecraft:damage_dealt":19233,"minecraft:player_kills":4,"minecraft:crouch_one_cm":14689,"tombstone:undead_killed":29,"tombstone:villager_killed":1,"minecraft:inspect_dispenser":1,"minecraft:inspect_dropper":1,"minecraft:interact_with_anvil":4,"minecraft:mob_kills":96,"minecraft:interact_with_campfire":4,"minecraft:damage_dealt_resisted":719,"minecraft:climb_one_cm":40325,"minecraft:walk_one_cm":1017130,"minecraft:damage_dealt_absorbed":44,"minecraft:sneak_time":6794,"minecraft:walk_under_water_one_cm":69463,"minecraft:total_world_time":494919,"tombstone:raider_killed":4,"minecraft:tune_noteblock":2,"minecraft:time_since_rest":38490,"minecraft:damage_taken":24511,"minecraft:damage_absorbed":81,"minecraft:trigger_trapped_chest":2,"minecraft:swim_one_cm":124986,"minecraft:fly_one_cm":1812677,"minecraft:open_chest":100,"minecraft:fall_one_cm":290847},"minecraft:killed_by":{"mutantmonsters:mutant_zombie":1,"undead_revamp2:sucker":1,"minecraft:wither_skeleton":8,"born_in_chaos_v1:nightmare_stalker":1,"illagerinvasion:basher":2,"minecraft:pillager":1,"minecraft:vindicator":2,"enemyexpansion:sprinter":1,"minecraft:zombie":2,"undead_revamp2:thesmoker":2,"undead_revamp2:theheavy":2,"iceandfire:fire_dragon":3,"minecraft:vex":1,"minecraft:husk":5,"alexscaves:tremorsaurus":1,"minecraft:player":2,"minecraft:hoglin":2,"minecraft:skeleton":1,"iceandfire:lightning_dragon":2,"illagerinvasion:marauder":1},"minecraft:killed":{"undead_revamp2:thewolf":1,"luminousworld:miner_zombie":1,"born_in_chaos_v1:restless_spirit":1,"minecraft:spider":2,"born_in_chaos_v1:siamese_skeletonsright":1,"minecraft:skeleton":3,"undead_revamp2:therod":2,"undead_revamp2:thespitter":1,"enemyexpansion:ladybug":1,"minecraft:iron_golem":1,"minecraft:pillager":3,"born_in_chaos_v1:dread_hound":2,"illagerinvasion:sorcerer":1,"enemyexpansion:botfly":10,"born_in_chaos_v1:siamese_skeletonsleft":1,"minecraft:cow":23,"undead_revamp2:thehunter":1,"born_in_chaos_v1:thornshell_crab":1,"enemyexpansion:direwolf":3,"iceandfire:fire_dragon":1,"undead_revamp2:sucker":4,"born_in_chaos_v1:barrel_zombie":1,"minecraft:husk":4,"born_in_chaos_v1:swarmer":1,"naturalist:butterfly":1,"undead_revamp2:the_moonflower":3,"born_in_chaos_v1:decrepit_skeleton":1,"iceandfire:ghost":2,"alexscaves:subterranodon":2,"alexsmobs:crow":1,"mutantmonsters:mutant_zombie":1,"minecraft:wither_skeleton":1,"minecraft:villager":1},"minecraft:picked_up":{"minecraft:iron_chestplate":3,"minecraft:wheat":30,"illagerinvasion:platinum_chunk":2,"minecraft:anvil":1,"minecraft:flower_pot":2,"minecraft:sentry_armor_trim_smithing_template":2,"minecraft:lead":1,"aether:iron_gloves":2,"minecraft:oak_stairs":5,"minecraft:potion":1,"minecraft:wither_rose":1,"minecraft:enchanted_book":1,"minecraft:music_disc_cat":1,"minecraft:string":22,"minecraft:red_nether_bricks":16,"minecraft:iron_leggings":4,"minecraft:armor_stand":4,"minecraft:experience_bottle":1,"minecraft:beetroot":1,"minecraft:smooth_stone":1,"minecraft:gold_nugget":988,"alexsmobs:banana":1,"minecraft:bucket":2,"minecraft:calcite":4,"minecraft:azalea":2,"minecraft:smooth_quartz_stairs":2,"minecraft:iron_boots":4,"minecraft:furnace":7,"minecraft:stick":13,"born_in_chaos_v1:shattered_skull":1,"alexscaves:limestone_spear":8,"minecraft:oak_fence":6,"minecraft:torch":5,"minecraft:spruce_stairs":4,"minecraft:cherry_log":11,"minecraft:pointed_dripstone":6,"tombstone:grave_dust":5,"born_in_chaos_v1:black_argillite_brick_stairs":2,"minecraft:golden_chestplate":1,"luminousworld:grassflowers":1,"tombstone:lollipop":1,"mutantmonsters:hulk_hammer":2,"minecraft:stone_sword":1,"minecraft:yellow_banner":1,"minecraft:lime_carpet":1,"minecraft:rotten_flesh":44,"luminousworld:yellow_grassflowers":1,"minecraft:tropical_fish":11,"iceandfire:fire_dragon_heart":1,"minecraft:red_tulip":1,"supplementaries:ash":33,"alexsmobs:flying_fish":1,"minecraft:cobblestone":42,"minecraft:birch_log":28,"ecologics:walnut_planks":2,"minecraft:pink_petals":3,"minecraft:cooked_beef":5,"minecraft:lilac":1,"minecraft:birch_slab":4,"minecraft:water_bucket":2,"minecraft:jungle_log":8,"minecraft:black_bed":3,"minecraft:potato":3,"born_in_chaos_v1:black_argillite_button":1,"minecraft:mangrove_slab":1,"minecraft:dirt":222,"minecraft:lantern":8,"tombstone:familiar_receptacle":1,"born_in_chaos_v1:monster_skin":1,"minecraft:purple_carpet":1,"minecraft:bone":10,"minecraft:bow":4,"minecraft:wheat_seeds":18,"minecraft:bamboo":561,"minecraft:oak_planks":133,"minecraft:mossy_stone_brick_stairs":4,"minecraft:music_disc_13":1,"luminousworld:creepberries":1,"iceandfire:dragon_skull_fire":2,"sophisticatedbackpacks:iron_backpack":1,"minecraft:dark_oak_log":5,"minecraft:barrel":5,"minecraft:mossy_cobblestone":1,"minecraft:bundle":1,"minecraft:dispenser":2,"minecraft:yellow_carpet":2,"minecraft:soul_lantern":3,"minecraft:lever":3,"minecraft:bone_meal":2,"minecraft:golden_apple":5,"minecraft:emerald":3,"minecraft:golden_horse_armor":3,"minecraft:bread":16,"minecraft:oak_sapling":1,"born_in_chaos_v1:rotten_fish":1,"iceandfire:silver_nugget":10,"iceandfire:raw_silver":1,"luminousworld:groundpebbles_1":3,"minecraft:crafting_table":4,"minecraft:ladder":2,"minecraft:azure_bluet":2,"luminousworld:decorative_brown_2":1,"minecraft:splash_potion":2,"iceandfire:witherbone":1,"minecraft:clay_ball":4,"minecraft:redstone_lamp":63,"minecraft:stone_brick_wall":10,"minecraft:diamond_horse_armor":1,"tombstone:scroll_of_preservation":1,"minecraft:oak_trapdoor":14,"minecraft:moss_carpet":1,"illagerinvasion:unusual_dust":1,"minecraft:iron_axe":4,"minecraft:flint_and_steel":6,"minecraft:item_frame":11,"minecraft:white_carpet":1,"minecraft:iron_shovel":1,"supplementaries:bomb":1,"minecraft:beef":70,"born_in_chaos_v1:gnawed_bones":1,"minecraft:player_head":2,"minecraft:jungle_sapling":2,"minecraft:poppy":3,"minecraft:spruce_slab":1,"minecraft:sugar_cane":18,"minecraft:chest":2,"minecraft:birch_sapling":12,"iceandfire:dragonbone":5,"minecraft:stripped_mangrove_wood":3,"minecraft:oak_door":3,"ecologics:coconut_slice":2,"minecraft:copper_ingot":3,"minecraft:spruce_fence":3,"sophisticatedbackpacks:backpack":1,"minecraft:stone_button":4,"minecraft:cookie":1,"luminousworld:beastiary":1,"born_in_chaos_v1:pieceofdarkmetal":5,"minecraft:carrot":303,"minecraft:redstone":2,"minecraft:iron_horse_armor":3,"minecraft:stone_pressure_plate":2,"minecraft:dark_oak_planks":8,"luminousworld:decorative_brown_mushroom_1":3,"minecraft:arrow":13,"minecraft:pumpkin_pie":34,"minecraft:hay_block":162,"minecraft:saddle":9,"born_in_chaos_v1:spiny_shell":4,"minecraft:totem_of_undying":1,"minecraft:gold_ingot":97,"minecraft:black_banner":1,"minecraft:brick_stairs":1,"minecraft:oxeye_daisy":1,"minecraft:bone_block":26,"minecraft:white_wool":3,"born_in_chaos_v1:fused_bone":2,"born_in_chaos_v1:corpse_maggot":1,"minecraft:lime_bed":1,"minecraft:golden_carrot":22,"born_in_chaos_v1:monster_flesh":1,"minecraft:salmon":1,"minecraft:leather":18,"minecraft:birch_planks":19,"minecraft:packed_mud":2,"quark:smithing_template_rune":1,"minecraft:oak_log":59,"iceandfire:ectoplasm":2,"minecraft:gunpowder":15,"minecraft:white_banner":5,"minecraft:light_blue_banner":2,"minecraft:apple":1,"minecraft:stone_bricks":7,"minecraft:iron_ingot":8,"tombstone:bag_of_seeds":1,"alexscaves:curly_fern":2,"minecraft:glass_bottle":2,"minecraft:gray_bed":9,"iceandfire:fire_dragon_flesh":2,"minecraft:flowering_azalea":1,"minecraft:dark_oak_stairs":3,"minecraft:book":115,"enemyexpansion:phantom_eye":2,"minecraft:dark_oak_slab":3,"luminousworld:clovers_1":9,"minecraft:pumpkin":42,"minecraft:dandelion":7,"minecraft:blast_furnace":7,"minecraft:white_bed":26,"quark:oak_chest":2,"minecraft:dark_oak_fence_gate":1,"minecraft:spider_eye":1,"luminousworld:whiteoaklog":40,"minecraft:brick_slab":2,"minecraft:firework_rocket":69,"iceandfire:silver_sword":1,"minecraft:iron_helmet":5,"luminousworld:decorative_red_2":1,"minecraft:cherry_sapling":6,"tombstone:magic_scroll":2,"minecraft:melon_seeds":2,"minecraft:stripped_dark_oak_log":4,"minecraft:coal":5,"minecraft:sunflower":8}},"DataVersion":3465}