{"stats":{"minecraft:mined":{"minecraft:grass":1,"minecraft:oak_log":8},"minecraft:used":{"minecraft:item_frame":1,"minecraft:iron_chestplate":1,"minecraft:apple":1,"minecraft:iron_helmet":1},"minecraft:custom":{"minecraft:open_chest":2,"minecraft:time_since_rest":10422,"minecraft:crouch_one_cm":127,"minecraft:deaths":1,"minecraft:sprint_one_cm":18161,"minecraft:play_time":34087,"minecraft:damage_taken":269,"minecraft:walk_one_cm":26804,"minecraft:sneak_time":47,"minecraft:jump":62,"minecraft:leave_game":2,"minecraft:time_since_death":10706,"minecraft:total_world_time":34087,"minecraft:fall_one_cm":2365,"minecraft:fly_one_cm":12781},"minecraft:picked_up":{"minecraft:item_frame":1,"minecraft:bow":1,"minecraft:wheat_seeds":1,"minecraft:oak_log":8},"minecraft:killed_by":{"minecraft:player":1}},"DataVersion":3465}