{"stats":{"minecraft:custom":{"minecraft:jump":19,"minecraft:time_since_rest":2320,"minecraft:sprint_one_cm":2281,"minecraft:walk_one_cm":3930,"minecraft:leave_game":2,"minecraft:play_time":25985,"minecraft:damage_taken":249,"minecraft:time_since_death":2604,"minecraft:deaths":1,"minecraft:sneak_time":4,"minecraft:total_world_time":25985,"minecraft:fall_one_cm":1254,"minecraft:fly_one_cm":4160},"minecraft:used":{"minecraft:iron_helmet":1,"minecraft:iron_chestplate":1},"minecraft:killed_by":{"minecraft:player":1}},"DataVersion":3465}