{"stats":{"minecraft:picked_up":{"minecraft:iron_chestplate":4,"minecraft:anvil":4,"minecraft:oak_stairs":6,"artifacts:chorus_totem":1,"minecraft:enchanted_book":6,"minecraft:polished_deepslate":1,"minecraft:string":63,"minecraft:red_nether_bricks":7,"minecraft:gold_nugget":152,"minecraft:cobbled_deepslate":354,"minecraft:spruce_planks":4,"minecraft:coal_block":13,"luminousworld:auburnlog":13,"born_in_chaos_v1:shattered_skull":1,"minecraft:pink_carpet":2,"minecraft:rabbit_foot":3,"minecraft:brown_carpet":2,"luminousworld:grassflowers":2,"minecraft:stone_sword":2,"luminousworld:yellow_grassflowers":3,"minecraft:tropical_fish":15,"iceandfire:fire_dragon_heart":1,"supplementaries:ash":158,"supplementaries:quiver":1,"minecraft:iron_bars":5,"minecraft:birch_log":32,"iceandfire:dragonscales_black":11,"minecraft:feather":4,"minecraft:water_bucket":5,"minecraft:jungle_log":1,"minecraft:copper_block":1,"minecraft:jungle_wood":2,"luminousworld:purple_petunias":1,"minecraft:map":1,"minecraft:lantern":3,"minecraft:purple_carpet":3,"undead_revamp2:blacpetalblock":3,"minecraft:rabbit":1,"minecraft:moss_block":6,"alexscaves:amber_curiosity":1,"minecraft:dark_oak_log":12,"naturalist:duck_egg":1,"minecraft:bundle":7,"minecraft:iron_hoe":1,"minecraft:dispenser":1,"supplementaries:bamboo_spikes":2,"minecraft:deepslate":2,"luminousworld:yellowpetunias":2,"minecraft:granite":13,"alexscaves:heart_of_iron":2,"minecraft:golden_horse_armor":1,"minecraft:bread":42,"born_in_chaos_v1:rotten_fish":2,"iceandfire:raw_silver":4,"alexscaves:raw_scarlet_neodymium":11,"iceandfire:dragon_skull_lightning":1,"sophisticatedbackpacks:gold_backpack":2,"luminousworld:groundpebbles_1":6,"minecraft:crafting_table":4,"minecraft:clay_ball":12,"born_in_chaos_v1:seedof_chaos":1,"minecraft:cornflower":2,"minecraft:white_carpet":15,"born_in_chaos_v1:intoxicating_decoction":3,"minecraft:deepslate_diamond_ore":8,"minecraft:beef":27,"minecraft:jungle_sapling":1,"minecraft:poppy":4,"minecraft:chest":1,"minecraft:birch_sapling":3,"minecraft:egg":1,"alexscaves:cycad":1,"born_in_chaos_v1:pieceofdarkmetal":4,"minecraft:carrot":636,"minecraft:redstone":34,"minecraft:hay_block":43,"minecraft:gold_ingot":14,"sophisticatedbackpacks:copper_backpack":4,"minecraft:mutton":1,"minecraft:white_wool":12,"minecraft:bone_block":19,"minecraft:rail":2,"minecraft:lime_bed":2,"minecraft:tripwire_hook":1,"luminousworld:ishstone":4,"minecraft:packed_mud":1,"minecraft:oak_log":76,"mowziesmobs:wrought_axe":7,"alexscaves:ambersol":2,"minecraft:paper":14,"minecraft:white_banner":11,"minecraft:apple":2,"minecraft:stone_bricks":7,"mowziesmobs:foliaath_seed":2,"minecraft:stone_pickaxe":3,"minecraft:cobweb":15,"tombstone:bag_of_seeds":3,"minecraft:glass_bottle":1,"minecraft:mangrove_planks":2,"minecraft:gray_bed":5,"minecraft:iron_sword":8,"minecraft:dark_oak_stairs":3,"enemyexpansion:phantom_eye":1,"quark:white_shard":2,"born_in_chaos_v1:ethereal_spirit":1,"minecraft:torchflower_seeds":3,"minecraft:gravel":10,"minecraft:leather_helmet":1,"minecraft:firework_rocket":1,"minecraft:slime_ball":8,"minecraft:stone_axe":1,"undead_revamp2:beespheromones":1,"minecraft:melon_seeds":2,"minecraft:smooth_quartz_slab":2,"minecraft:hopper":2,"minecraft:ender_pearl":2,"minecraft:wheat":457,"illagerinvasion:platinum_chunk":1,"minecraft:redstone_block":1,"aether:iron_gloves":3,"minecraft:potion":1,"tombstone:grave_key":4,"minecraft:raw_copper":33,"minecraft:armor_stand":2,"minecraft:iron_leggings":4,"minecraft:smooth_stone":1,"minecraft:comparator":1,"minecraft:bucket":1,"minecraft:rose_bush":10,"minecraft:calcite":3,"minecraft:iron_pickaxe":9,"alexsmobs:raccoon_tail":1,"minecraft:iron_boots":3,"minecraft:smooth_quartz_stairs":2,"alexscaves:flytrap":2,"minecraft:deepslate_iron_ore":2,"minecraft:stick":22,"ecologics:walnut_log":10,"minecraft:oak_fence":4,"minecraft:torch":21,"alexscaves:raw_azure_neodymium":4,"minecraft:spruce_stairs":2,"alexscaves:heavy_bone":4,"alexscaves:resistor_shield":1,"minecraft:porkchop":4,"minecraft:diorite":16,"minecraft:pointed_dripstone":32,"tombstone:grave_dust":16,"tombstone:lollipop":5,"quark:ancient_tome":7,"mutantmonsters:hulk_hammer":2,"minecraft:rotten_flesh":146,"undead_revamp2:arapholia":3,"minecraft:cobblestone":221,"ecologics:walnut_planks":2,"minecraft:pink_petals":4,"minecraft:potato":14,"minecraft:tuff":56,"undead_revamp2:huntereye":2,"minecraft:lapis_lazuli":54,"minecraft:dirt":323,"born_in_chaos_v1:monster_skin":1,"minecraft:bone":26,"minecraft:bow":1,"minecraft:wheat_seeds":792,"minecraft:raw_gold":1,"minecraft:bamboo":245,"minecraft:mossy_stone_brick_stairs":2,"minecraft:oak_planks":88,"minecraft:cooked_porkchop":22,"minecraft:music_disc_13":1,"minecraft:sand":20,"minecraft:cyan_bed":2,"minecraft:dark_prismarine":3,"born_in_chaos_v1:fire_dust":2,"minecraft:diamond":18,"minecraft:bone_meal":347,"minecraft:golden_apple":2,"minecraft:emerald":29,"minecraft:oak_sapling":3,"minecraft:cocoa_beans":3,"minecraft:charcoal":2,"born_in_chaos_v1:diamond_termite_shard":8,"minecraft:allium":2,"minecraft:azure_bluet":2,"born_in_chaos_v1:river_mint":2,"minecraft:ladder":1,"minecraft:wooden_pickaxe":1,"minecraft:stone_brick_wall":8,"minecraft:shield":3,"aether:leather_gloves":1,"minecraft:iron_axe":9,"alexscaves:scarlet_neodymium_ingot":1,"minecraft:item_frame":12,"alexscaves:dinosaur_chop":2,"minecraft:oak_boat":1,"minecraft:lectern":28,"minecraft:dark_oak_sapling":1,"iceandfire:dragonbone":7,"minecraft:raw_iron":79,"minecraft:stripped_mangrove_wood":1,"iceandfire:dragonscales_gray":40,"ecologics:coconut_slice":6,"minecraft:copper_ingot":6,"minecraft:stone_button":39,"quark:birch_chest":1,"alexsmobs:leafcutter_ant_pupa":1,"minecraft:dark_oak_planks":25,"minecraft:arrow":29,"alexscaves:spelunkery_table":1,"minecraft:brick_stairs":1,"minecraft:skeleton_skull":3,"born_in_chaos_v1:fused_bone":1,"born_in_chaos_v1:corpse_maggot":16,"minecraft:leather":35,"minecraft:birch_planks":3,"alexscaves:limestone":136,"minecraft:chainmail_chestplate":1,"minecraft:yellow_bed":3,"minecraft:gunpowder":28,"alexscaves:amber":60,"minecraft:gray_carpet":3,"minecraft:rabbit_hide":9,"minecraft:iron_ingot":28,"minecraft:cooked_chicken":1,"alexscaves:curly_fern":3,"sophisticatedbackpacks:tank_upgrade":1,"iceandfire:fire_dragon_flesh":1,"sophisticatedbackpacks:diamond_backpack":1,"minecraft:book":39,"minecraft:oak_slab":6,"luminousworld:clovers_1":2,"minecraft:chiseled_stone_bricks":2,"minecraft:quartz":1,"minecraft:dandelion":55,"minecraft:dripstone_block":2,"minecraft:raw_iron_block":1,"alexscaves:tree_star":2,"mowziesmobs:wrought_helmet":3,"minecraft:white_bed":26,"quark:oak_chest":2,"minecraft:spider_eye":1,"luminousworld:whiteoaklog":9,"minecraft:brick_slab":2,"minecraft:pumpkin_seeds":1,"minecraft:chainmail_leggings":2,"minecraft:iron_helmet":7,"alexscaves:azure_neodymium_pillar":2,"tombstone:magic_scroll":5,"minecraft:damaged_anvil":2,"minecraft:coal":27,"minecraft:sunflower":534},"minecraft:custom":{"minecraft:interact_with_crafting_table":50,"minecraft:open_barrel":55,"minecraft:bell_ring":1,"minecraft:eat_cake_slice":5,"minecraft:leave_game":27,"minecraft:time_since_death":9619,"minecraft:damage_blocked_by_shield":11756,"minecraft:play_time":1369126,"minecraft:deaths":245,"tombstone:tomb_raiding":2,"minecraft:jump":18998,"minecraft:interact_with_furnace":16,"minecraft:traded_with_villager":58,"minecraft:sleep_in_bed":59,"minecraft:damage_dealt":60532,"tombstone:undead_killed":119,"minecraft:use_cauldron":1,"minecraft:inspect_dispenser":1,"minecraft:interact_with_anvil":11,"minecraft:inspect_hopper":8,"minecraft:sneak_time":13307,"minecraft:total_world_time":1369126,"tombstone:raider_killed":7,"minecraft:tune_noteblock":2,"minecraft:time_since_rest":6577,"minecraft:swim_one_cm":167913,"minecraft:fly_one_cm":3936415,"minecraft:open_chest":249,"minecraft:fall_one_cm":468200,"minecraft:animals_bred":7,"minecraft:sprint_one_cm":2430109,"minecraft:drop":585,"minecraft:talked_to_villager":133,"minecraft:interact_with_brewingstand":1,"minecraft:walk_on_water_one_cm":274792,"minecraft:interact_with_loom":1,"minecraft:player_kills":27,"minecraft:crouch_one_cm":25736,"tombstone:villager_killed":3,"minecraft:mob_kills":285,"minecraft:damage_dealt_resisted":2739,"minecraft:climb_one_cm":35416,"minecraft:walk_one_cm":2589746,"minecraft:walk_under_water_one_cm":116391,"minecraft:interact_with_grindstone":2,"minecraft:damage_taken":82769,"minecraft:damage_absorbed":40,"minecraft:trigger_trapped_chest":1},"minecraft:broken":{"minecraft:iron_boots":2,"minecraft:iron_chestplate":3,"minecraft:iron_leggings":1,"minecraft:chainmail_boots":1,"minecraft:iron_sword":2,"minecraft:chainmail_leggings":2,"aether:iron_gloves":1,"minecraft:chainmail_helmet":1,"minecraft:shield":4,"minecraft:iron_pickaxe":4,"minecraft:iron_helmet":1,"minecraft:iron_shovel":1,"minecraft:stone_axe":1},"minecraft:used":{"minecraft:moss_block":3,"minecraft:smooth_quartz_slab":2,"minecraft:rotten_flesh":6,"minecraft:lava_bucket":5,"minecraft:grass_block":42,"twilightforest:giant_sword":1,"mutantmonsters:hulk_hammer":18,"minecraft:potato":2,"luminousworld:clovers_1":1,"luminousworld:autumnplank":28,"minecraft:diorite":4,"minecraft:damaged_anvil":1,"minecraft:wooden_pickaxe":30,"minecraft:clay":1,"minecraft:smooth_quartz_stairs":3,"minecraft:golden_apple":1,"minecraft:stripped_mangrove_wood":1,"minecraft:lectern":26,"minecraft:fire_charge":1,"supplementaries:bamboo_spikes":1,"minecraft:stone_sword":1,"luminousworld:whiteoaklog":1,"minecraft:carved_pumpkin":2,"minecraft:torch":28,"minecraft:anvil":4,"minecraft:chainmail_chestplate":1,"alexscaves:resistor_shield":162,"minecraft:iron_block":8,"minecraft:iron_axe":183,"minecraft:bamboo":156,"tombstone:gift":6,"minecraft:cobbled_deepslate":2,"sophisticatedbackpacks:gold_backpack":2,"minecraft:calcite":3,"minecraft:wheat_seeds":7,"minecraft:water_bucket":55,"minecraft:bundle":1,"minecraft:oak_slab":10,"minecraft:crafting_table":8,"minecraft:white_bed":25,"mowziesmobs:wrought_axe":781,"minecraft:dark_prismarine":5,"minecraft:sunflower":1,"minecraft:iron_pickaxe":787,"minecraft:chiseled_stone_bricks":2,"minecraft:enchanted_book":3,"quark:dark_oak_chest":1,"minecraft:cobblestone":102,"minecraft:potion":1,"minecraft:porkchop":6,"quark:oak_chest":2,"minecraft:dandelion":2,"quark:ancient_tome":1,"minecraft:iron_shovel":370,"minecraft:polished_deepslate":1,"minecraft:bone_block":9,"born_in_chaos_v1:intoxicating_decoction":2,"minecraft:shield":7,"minecraft:iron_sword":460,"alexscaves:galena":1,"minecraft:iron_chestplate":2,"minecraft:mutton":1,"artifacts:umbrella":2,"minecraft:jungle_planks":4,"minecraft:carrot":318,"minecraft:tuff":14,"minecraft:iron_helmet":1,"alexscaves:amber":1,"minecraft:stone_bricks":2,"minecraft:item_frame":1,"ecologics:walnut_planks":18,"minecraft:birch_trapdoor":2,"minecraft:gray_bed":4,"minecraft:dark_oak_stairs":1,"minecraft:stone_pickaxe":273,"minecraft:mangrove_planks":2,"minecraft:oak_planks":140,"minecraft:ender_pearl":3,"minecraft:chainmail_helmet":1,"vanillaplustools:diamond_hammer":1,"minecraft:firework_rocket":1,"minecraft:cyan_bed":2,"minecraft:bread":166,"tombstone:grave_key":72,"minecraft:gravel":3,"ecologics:coconut_slice":6,"minecraft:chainmail_boots":1,"minecraft:grindstone":2,"minecraft:bone_meal":526,"minecraft:cobweb":15,"minecraft:experience_bottle":64,"quark:birch_chest":9,"minecraft:tropical_fish":15,"minecraft:wooden_shovel":1,"minecraft:dirt":188,"minecraft:hopper":3,"minecraft:granite":5,"minecraft:dark_oak_planks":26,"alexscaves:limestone_spear":48,"minecraft:oak_stairs":3,"minecraft:iron_boots":3,"minecraft:iron_leggings":1,"minecraft:glass_bottle":1,"minecraft:red_nether_bricks":13,"minecraft:jungle_wood":2,"minecraft:lime_bed":2,"tombstone:bag_of_seeds":3,"minecraft:apple":12,"minecraft:stone_axe":106,"minecraft:bucket":134,"minecraft:yellow_bed":2,"alexsmobs:animal_dictionary":1,"minecraft:chainmail_leggings":1},"minecraft:dropped":{"sophisticatedbackpacks:iron_backpack":1,"minecraft:iron_sword":5,"minecraft:glass_bottle":2,"minecraft:diamond":1,"minecraft:crafting_table":1,"minecraft:mossy_stone_brick_stairs":2,"minecraft:rail":1,"twilightforest:giant_sword":1,"minecraft:leather_helmet":1,"minecraft:sentry_armor_trim_smithing_template":2,"minecraft:item_frame":2,"sophisticatedbackpacks:gold_backpack":1,"minecraft:dirt":7,"alexscaves:heart_of_iron":1,"minecraft:stone_button":42,"minecraft:jungle_sapling":1,"minecraft:sunflower":9,"minecraft:gold_nugget":4,"minecraft:bone_meal":13,"minecraft:iron_pickaxe":3,"minecraft:dark_oak_planks":1,"minecraft:white_wool":1,"minecraft:stone_axe":1,"mutantmonsters:hulk_hammer":1,"minecraft:birch_sapling":1,"minecraft:wheat":63,"minecraft:rotten_flesh":44,"minecraft:oak_planks":27,"minecraft:azure_bluet":1,"minecraft:white_bed":2,"minecraft:enchanted_book":2,"minecraft:wheat_seeds":140,"minecraft:golden_horse_armor":1,"minecraft:dripstone_block":5,"minecraft:oak_fence":1,"alexscaves:limestone_spear":12,"minecraft:iron_helmet":2,"minecraft:cobblestone":79,"minecraft:lava_bucket":1,"minecraft:gray_bed":1,"minecraft:rose_bush":6,"mowziesmobs:wrought_helmet":1,"minecraft:smooth_stone":1,"minecraft:paper":1,"minecraft:string":1,"iceandfire:dragon_skull_fire":1,"iceandfire:dragonscales_gray":20,"minecraft:stone_sword":1,"born_in_chaos_v1:rotten_fish":4,"minecraft:white_carpet":5,"alexscaves:tree_star":2,"minecraft:iron_boots":1,"sophisticatedbackpacks:backpack":2,"minecraft:pumpkin_seeds":1,"supplementaries:quiver":1,"minecraft:allium":2,"minecraft:bundle":2,"minecraft:wooden_shovel":1,"minecraft:stone_bricks":2,"minecraft:brown_carpet":2,"minecraft:bamboo":4,"sophisticatedbackpacks:copper_backpack":3,"minecraft:oak_log":2,"minecraft:lantern":1,"minecraft:dispenser":1,"minecraft:cornflower":1,"alexscaves:azure_neodymium_pillar":1,"minecraft:gold_ingot":78,"minecraft:armor_stand":2,"minecraft:gravel":1,"born_in_chaos_v1:ethereal_spirit":1,"minecraft:pointed_dripstone":7,"sophisticatedbackpacks:diamond_backpack":1,"minecraft:carrot":83,"minecraft:chainmail_chestplate":1,"minecraft:poppy":2,"alexscaves:raw_scarlet_neodymium":1,"supplementaries:ash":112,"minecraft:skeleton_skull":1,"born_in_chaos_v1:corpse_maggot":3,"minecraft:melon_seeds":4,"minecraft:chainmail_boots":1,"minecraft:quartz":1,"minecraft:water_bucket":2,"minecraft:bread":89,"minecraft:copper_ingot":2,"minecraft:spruce_stairs":2,"mowziesmobs:wrought_axe":3,"minecraft:stick":5,"minecraft:diorite":7,"minecraft:torch":28,"tombstone:grave_key":6,"tombstone:grave_dust":1,"minecraft:iron_leggings":3,"minecraft:iron_axe":3,"minecraft:dandelion":2,"minecraft:raw_copper":78,"minecraft:comparator":2,"quark:white_shard":2,"minecraft:shield":1,"aether:iron_gloves":3,"alexscaves:resistor_shield":2,"luminousworld:groundpebbles_1":5,"minecraft:oak_sapling":1,"minecraft:stone_pickaxe":3,"minecraft:wooden_pickaxe":1,"minecraft:raw_gold":1},"minecraft:killed":{"minecraft:cave_spider":1,"born_in_chaos_v1:mr_pumpkin":13,"earthmobsmod:jumbo_rabbit":3,"born_in_chaos_v1:restless_spirit":1,"born_in_chaos_v1:door_knight_not_despawn":1,"enemyexpansion:equestrian":2,"undead_revamp2:axestrom":1,"undead_revamp2:theswarmer":6,"minecraft:skeleton":5,"luminousworld:dark_oak_skeleton":1,"born_in_chaos_v1:skeleton_thrasher":1,"undead_revamp2:thepregnant":1,"undead_revamp2:thespitter":2,"minecraft:iron_golem":1,"minecraft:pillager":1,"enemyexpansion:meature":4,"minecraft:donkey":1,"minecraft:zombie":23,"born_in_chaos_v1:corpse_fly":13,"enemyexpansion:botfly":4,"minecraft:cow":10,"undead_revamp2:thehunter":3,"enemyexpansion:vampbiter":1,"minecraft:vindicator":2,"mowziesmobs:ferrous_wroughtnaut":2,"undead_revamp2:thebidy":2,"earthmobsmod:albino_cow":1,"earthmobsmod:bouldering_zombie":1,"undead_revamp2:the_moonflower":39,"enemyexpansion:sprinter":2,"born_in_chaos_v1:decrepit_skeleton":1,"born_in_chaos_v1:bloody_gadfly":3,"undead_revamp2:thesomnolence":4,"endermanoverhaul:cave_enderman":1,"alexscaves:grottoceratops":1,"minecraft:enderman":1,"undead_revamp2:thewolf":1,"born_in_chaos_v1:zombie_clown":3,"minecraft:spider":2,"undead_revamp2:thesmoker":13,"born_in_chaos_v1:scarlet_persecutor":1,"creeperoverhaul:bamboo_creeper":1,"minecraft:bee":6,"illagerinvasion:provoker":2,"born_in_chaos_v1:firelight_not_despawn":1,"born_in_chaos_v1:diamond_termite":3,"minecraft:zombie_villager":1,"minecraft:creeper":1,"minecraft:sheep":1,"undead_revamp2:thebidyupside":3,"born_in_chaos_v1:dread_hound":1,"alexscaves:vallumraptor":28,"alexscaves:tremorsaurus":1,"luminousworld:swallowtail":1,"enemyexpansion:direwolf":8,"born_in_chaos_v1:zombie_bruiser":1,"born_in_chaos_v1:maggot":11,"alexscaves:relicheirus":1,"undead_revamp2:sucker":2,"born_in_chaos_v1:fallen_chaos_knight":1,"born_in_chaos_v1:felsteed":1,"naturalist:finch":1,"alexscaves:subterranodon":3,"enemyexpansion:huntsman":1,"friendsandfoes:moobloom":1,"minecraft:wither_skeleton":1,"minecraft:villager":3},"minecraft:killed_by":{"minecraft:zombie_villager":1,"creeperoverhaul:bamboo_creeper":1,"undead_revamp2:the_moonflower":11,"minecraft:pillager":1,"illagerinvasion:surrendered":3,"mutantmonsters:mutant_creeper":2,"minecraft:vindicator":12,"born_in_chaos_v1:pumpkinhead":1,"minecraft:zombie":6,"alexscaves:teletor":4,"alexsmobs:grizzly_bear":1,"born_in_chaos_v1:scarlet_persecutor":1,"enemyexpansion:invisicreeper":1,"minecraft:vex":3,"minecraft:husk":17,"alexscaves:ferrouslime":5,"alexscaves:vallumraptor":7,"illagerinvasion:invoker":3,"takesapillage:skirmisher":2,"born_in_chaos_v1:sir_pumpkinhead_without_horse":1,"undead_revamp2:thespitter":3,"enemyexpansion:botfly":2,"born_in_chaos_v1:maggot":1,"minecraft:evoker":1,"mutantmonsters:mutant_zombie":3,"undead_revamp2:sucker":2,"minecraft:wither_skeleton":6,"iceandfire:cyclops":1,"illagerinvasion:basher":3,"born_in_chaos_v1:mr_pumpkin":1,"minecraft:creeper":1,"born_in_chaos_v1:corpse_fly":2,"undead_revamp2:clogger":1,"minecraft:cave_spider":1,"undead_revamp2:bomber":3,"undead_revamp2:thesmoker":2,"iceandfire:fire_dragon":11,"alexscaves:tremorsaurus":6,"minecraft:player":48,"minecraft:spider":1,"born_in_chaos_v1:skeleton_thrasher":1,"minecraft:iron_golem":1,"enemyexpansion:equestrian":1,"born_in_chaos_v1:zombie_clown":2,"born_in_chaos_v1:fallen_chaos_knight":1,"undead_revamp2:thehunter":2,"mowziesmobs:ferrous_wroughtnaut":15,"undead_revamp2:therod":1,"minecraft:hoglin":4,"alexscaves:magnetron":3,"minecraft:skeleton":1,"born_in_chaos_v1:corpse_fish":1,"illagerinvasion:marauder":1,"illagerinvasion:provoker":2,"alexscaves:relicheirus":2},"minecraft:mined":{"minecraft:dark_oak_planks":12,"minecraft:white_bed":20,"luminousworld:autumnleaves":1,"minecraft:jungle_leaves":16,"alexscaves:limestone":136,"minecraft:granite":13,"placeablesmod:carrot_block_1":2,"minecraft:jungle_log":1,"minecraft:light_gray_bed":1,"minecraft:coal_block":8,"minecraft:hopper":2,"minecraft:chiseled_stone_bricks":2,"minecraft:spawner":2,"alexscaves:cave_painting_footprint":2,"minecraft:tall_seagrass":2,"minecraft:fire":10,"iceandfire:gold_pile":20,"minecraft:dirt_path":22,"minecraft:oak_stairs":4,"minecraft:stripped_mangrove_wood":1,"minecraft:iron_block":1,"minecraft:tripwire":2,"alexscaves:amber":62,"minecraft:powder_snow":7,"born_in_chaos_v1:infected_deepslate_diamond_ore":2,"minecraft:torch":6,"alexscaves:energized_galena_scarlet":2,"minecraft:cyan_bed":2,"minecraft:damaged_anvil":2,"minecraft:wheat":4,"minecraft:stone_brick_stairs":1,"minecraft:copper_block":1,"minecraft:grass":120,"quark:birch_chest":1,"luminousworld:grassvariant_3":19,"minecraft:deepslate":338,"minecraft:dark_prismarine":3,"iceandfire:silver_ore":5,"minecraft:dark_oak_log":3,"minecraft:spruce_fence":1,"minecraft:jungle_planks":1,"luminousworld:grassvariant_2":33,"minecraft:moss_block":8,"minecraft:redstone_ore":5,"minecraft:packed_mud":1,"supplementaries:bamboo_spikes":1,"alexscaves:heart_of_iron":1,"minecraft:mossy_stone_brick_stairs":1,"minecraft:potatoes":2,"minecraft:vine":2,"minecraft:bamboo":43,"minecraft:bone_block":12,"minecraft:white_wool":10,"minecraft:oak_slab":1,"quark:oak_chest":2,"minecraft:dandelion":48,"alexscaves:flytrap":2,"ecologics:walnut_leaves":5,"minecraft:campfire":1,"luminousworld:auburnlog":13,"minecraft:tall_grass":28,"minecraft:copper_ore":5,"minecraft:diorite":10,"luminousworld:whiteoaklog":10,"minecraft:white_carpet":1,"minecraft:birch_leaves":3,"luminousworld:ishstone":5,"minecraft:sunflower":7,"minecraft:gravel":4,"minecraft:dripstone_block":3,"minecraft:cobweb":65,"minecraft:stone_bricks":2,"minecraft:fern":9,"sophisticatedbackpacks:gold_backpack":2,"minecraft:grass_block":154,"minecraft:infested_cobblestone":3,"minecraft:raw_iron_block":1,"minecraft:iron_ore":19,"minecraft:anvil":3,"minecraft:azure_bluet":1,"minecraft:dark_oak_stairs":1,"minecraft:pointed_dripstone":3,"minecraft:iron_bars":5,"alexscaves:ambersol":2,"ecologics:walnut_log":10,"minecraft:deepslate_redstone_ore":1,"supplementaries:book_pile":2,"minecraft:clay":1,"alexscaves:ancient_leaves":8,"minecraft:calcite":5,"minecraft:chest":1,"minecraft:cobblestone":42,"minecraft:oak_planks":72,"minecraft:wall_torch":1,"minecraft:deepslate_copper_ore":1,"minecraft:seagrass":2,"minecraft:birch_log":33,"born_in_chaos_v1:river_mint":3,"minecraft:smooth_stone_slab":1,"minecraft:oak_log":76,"minecraft:sand":20,"minecraft:dirt":74,"minecraft:dispenser":4,"minecraft:oak_leaves":15,"luminousworld:groundpebbles_1":1,"minecraft:red_carpet":1,"minecraft:tuff":31,"minecraft:deepslate_diamond_ore":17,"minecraft:dark_oak_leaves":6,"luminousworld:grassvariant_4":5,"minecraft:large_fern":3,"minecraft:hay_block":43,"minecraft:furnace":1,"minecraft:carrots":12,"alexscaves:energized_galena_azure":1,"minecraft:bookshelf":8,"minecraft:deepslate_iron_ore":40,"minecraft:lantern":1,"alexscaves:curly_fern":4,"minecraft:stone":155,"minecraft:acacia_leaves":3,"minecraft:oak_fence":3,"minecraft:crafting_table":4,"minecraft:rose_bush":2,"minecraft:lectern":27,"born_in_chaos_v1:chipped_black_argillite_brick":1,"minecraft:lapis_ore":4,"supplementaries:urn":5,"minecraft:spruce_stairs":2,"minecraft:birch_planks":1,"minecraft:lime_bed":2,"alexscaves:galena_iron_ore":14,"minecraft:gray_bed":4,"minecraft:mangrove_planks":2,"minecraft:yellow_bed":3,"minecraft:coal_ore":24,"minecraft:cocoa":1,"minecraft:gray_carpet":3,"ecologics:walnut_planks":2,"alexscaves:scarlet_neodymium_pillar":5},"minecraft:crafted":{"quark:birch_chest":8,"ecologics:walnut_planks":40,"minecraft:birch_slab":6,"sophisticatedbackpacks:crafting_upgrade":1,"minecraft:glass":16,"sophisticatedbackpacks:smelting_upgrade":1,"sophisticatedbackpacks:copper_backpack":1,"sophisticatedbackpacks:tank_upgrade":2,"minecraft:emerald":58,"minecraft:copper_ingot":9,"quark:oak_chest":6,"minecraft:iron_pickaxe":3,"minecraft:iron_block":3,"minecraft:gold_ingot":8,"hangglider:glider_framework":1,"minecraft:bone_meal":512,"hangglider:glider_wing":2,"luminousworld:white_oak_plank":32,"minecraft:stone_pickaxe":4,"minecraft:dark_oak_planks":12,"luminousworld:autumnplank":28,"sophisticatedbackpacks:gold_backpack":2,"minecraft:birch_trapdoor":6,"minecraft:iron_shovel":2,"minecraft:white_bed":1,"minecraft:oak_planks":160,"hangglider:hang_glider":1,"minecraft:hopper":1,"tombstone:grave_key":1,"minecraft:oak_slab":6,"sophisticatedbackpacks:backpack":5,"minecraft:crafting_table":8,"minecraft:wooden_pickaxe":1,"minecraft:birch_planks":92,"sophisticatedbackpacks:upgrade_base":4,"minecraft:shield":2,"sophisticatedbackpacks:diamond_backpack":1,"minecraft:stick":49,"minecraft:iron_ingot":2,"alexscaves:resistor_shield":1,"minecraft:furnace":1,"alexscaves:azure_neodymium_ingot":1,"quark:dark_oak_chest":1,"minecraft:iron_axe":1,"sophisticatedbackpacks:iron_backpack":3,"minecraft:iron_sword":2,"minecraft:bucket":1,"minecraft:stone_axe":1,"minecraft:bread":59,"minecraft:air":0,"minecraft:jungle_planks":4,"alexscaves:limestone_spear":4,"minecraft:anvil":1,"minecraft:torch":4,"minecraft:clay":1}},"DataVersion":3465}